{ "height":15,
 "layers":[
        {
         "data":[64, 64, 64, 64, 64, 63, 64, 64, 64, 64, 63, 64, 0, 0, 0, 64, 64, 64, 64, 64, 63, 64, 64, 64, 64, 63, 64, 0, 0, 0, 64, 64, 64, 64, 64, 63, 64, 64, 64, 63, 63, 64, 0, 0, 0, 64, 63, 63, 63, 63, 63, 63, 63, 63, 63, 64, 64, 0, 0, 0, 64, 63, 64, 64, 64, 63, 64, 64, 64, 64, 64, 64, 0, 0, 0, 64, 63, 63, 64, 64, 63, 64, 64, 64, 64, 64, 64, 0, 0, 0, 64, 64, 64, 64, 64, 63, 64, 64, 64, 64, 64, 64, 0, 0, 0, 64, 64, 64, 63, 63, 63, 64, 64, 64, 64, 64, 64, 0, 0, 0, 63, 63, 63, 63, 64, 64, 64, 64, 64, 64, 64, 64, 0, 0, 0, 0, 0, 0, 0, 0, 64, 0, 0, 0, 0, 0, 0, 0, 0, 0, 0, 0, 0, 0, 0, 0, 0, 0, 0, 0, 0, 0, 0, 0, 0, 0, 0, 0, 0, 0, 0, 0, 0, 0, 0, 0, 0, 0, 0, 0, 0, 0, 0, 0, 0, 0, 0, 0, 0, 0, 0, 0, 0, 0, 0, 0, 0, 0, 0, 0, 0, 0, 0, 0, 0, 0, 0, 0, 0, 0, 0, 0, 0, 0, 0, 0, 0, 0, 0, 0, 0, 0, 0, 0, 0],
         "height":15,
         "name":"level1",
         "opacity":1,
         "type":"tilelayer",
         "visible":true,
         "width":15,
         "x":0,
         "y":0
        }, 
        {
         "draworder":"topdown",
         "height":15,
         "name":"objects",
         "objects":[
                {
                 "gid":226,
                 "height":45,
                 "id":9,
                 "name":"",
                 "properties":
                    {

                    },
                 "rotation":0,
                 "type":"enemy",
                 "visible":true,
                 "width":31,
                 "x":200,
                 "y":200
                }, 
                {
                 "gid":227,
                 "height":64,
                 "id":50,
                 "name":"",
                 "properties":
                    {

                    },
                 "rotation":0,
                 "type":"wall",
                 "visible":true,
                 "width":19,
                 "x":100,
                 "y":100
                }],
         "opacity":1,
         "type":"objectgroup",
         "visible":true,
         "width":15,
         "x":0,
         "y":0
        }],
 "nextobjectid":56,
 "orientation":"orthogonal",
 "properties":
    {

    },
 "renderorder":"right-down",
 "tileheight":64,
 "tilesets":[
        {
         "firstgid":1,
         "image":"tiles.png",
         "imageheight":992,
         "imagewidth":992,
         "margin":2,
         "name":"tiles",
         "properties":
            {

            },
         "spacing":2,
         "tilecount":225,
         "tileheight":64,
         "tilewidth":64
        }, 
        {
         "firstgid":226,
         "image":"tank.png",
         "imageheight":45,
         "imagewidth":31,
         "margin":0,
         "name":"tank",
         "properties":
            {

            },
         "spacing":0,
         "tilecount":1,
         "tileheight":45,
         "tilewidth":31
        }, 
        {
         "firstgid":227,
         "image":"wall_v.png",
         "imageheight":64,
         "imagewidth":19,
         "margin":0,
         "name":"wall_v",
         "properties":
            {

            },
         "spacing":0,
         "tilecount":1,
         "tileheight":64,
         "tilewidth":19
        }],
 "tilewidth":64,
 "version":1,
 "width":15
}